title,price_idr,rating,colors,sizes,gender,timestamp
T-shirt 2,1634400.0,5.0,3,M,women,2026-02-18 13:39:19.733525
Hoodie 3,7950080.0,5.0,3,L,unisex,2026-02-18 13:39:19.733949
Pants 4,7476960.0,5.0,3,XL,men,2026-02-18 13:39:19.734278
Outerwear 5,5145440.0,5.0,3,XXL,women,2026-02-18 13:39:19.734598
Jacket 6,2453920.0,5.0,3,S,unisex,2026-02-18 13:39:19.735066
Crewneck 7,6892000.0,5.0,3,M,men,2026-02-18 13:39:19.735394
T-shirt 8,7802560.0,5.0,3,L,women,2026-02-18 13:39:19.735712
Hoodie 9,3972160.0,5.0,3,XL,unisex,2026-02-18 13:39:19.737814
Pants 10,3100160.0,5.0,3,XXL,men,2026-02-18 13:39:19.738929
Jacket 12,8527840.0,5.0,3,M,unisex,2026-02-18 13:39:19.739990
Crewneck 13,5447200.0,5.0,3,L,men,2026-02-18 13:39:19.740323
T-shirt 14,3248800.0,5.0,3,XL,women,2026-02-18 13:39:19.740645
Hoodie 15,2184160.0,5.0,3,XXL,unisex,2026-02-18 13:39:19.740999
Outerwear 17,841600.0,5.0,3,M,women,2026-02-18 13:39:19.741695
Jacket 18,5500000.0,5.0,3,L,unisex,2026-02-18 13:39:19.742021
Crewneck 19,1308960.0,5.0,3,XL,men,2026-02-18 13:39:19.742349
T-shirt 20,1325600.0,5.0,3,XXL,women,2026-02-18 13:39:19.742666
Pants 22,4319680.0,5.0,3,M,men,2026-02-18 13:39:21.598209
Outerwear 23,4655840.0,5.0,3,L,women,2026-02-18 13:39:21.598545
Jacket 24,8223520.0,5.0,3,XL,unisex,2026-02-18 13:39:21.598869
Crewneck 25,8322560.0,5.0,3,XXL,men,2026-02-18 13:39:21.599197
T-shirt 26,7292320.0,5.0,3,S,women,2026-02-18 13:39:21.599520
Hoodie 27,3551840.0,5.0,3,M,unisex,2026-02-18 13:39:21.599835
Pants 28,5216160.0,5.0,3,L,men,2026-02-18 13:39:21.600217
Outerwear 29,861600.0,5.0,3,XL,women,2026-02-18 13:39:21.600546
Jacket 30,8610240.0,5.0,3,XXL,unisex,2026-02-18 13:39:21.600868
T-shirt 32,6657920.0,5.0,3,M,women,2026-02-18 13:39:21.601513
Hoodie 33,7248160.0,5.0,3,L,unisex,2026-02-18 13:39:21.601827
Pants 34,8362720.0,5.0,3,XL,men,2026-02-18 13:39:21.602155
Outerwear 35,1356160.0,5.0,3,XXL,women,2026-02-18 13:39:21.602476
Jacket 36,7249280.0,5.0,3,S,unisex,2026-02-18 13:39:21.603063
Crewneck 37,6006080.0,5.0,3,M,men,2026-02-18 13:39:21.603399
T-shirt 38,4866080.0,5.0,3,L,women,2026-02-18 13:39:21.603727
Hoodie 39,6431200.0,5.0,3,XL,unisex,2026-02-18 13:39:21.607563
Pants 40,5853600.0,5.0,3,XXL,men,2026-02-18 13:39:21.609589
Jacket 42,6744160.0,5.0,3,M,unisex,2026-02-18 13:39:23.240602
Crewneck 43,2909600.0,5.0,3,L,men,2026-02-18 13:39:23.240928
T-shirt 44,3312320.0,5.0,3,XL,women,2026-02-18 13:39:23.241443
Hoodie 45,8693120.0,5.0,3,XXL,unisex,2026-02-18 13:39:23.241956
Outerwear 47,6364640.0,5.0,3,M,women,2026-02-18 13:39:23.242702
Jacket 48,4994720.0,5.0,3,L,unisex,2026-02-18 13:39:23.243030
Crewneck 49,1071200.0,5.0,3,XL,men,2026-02-18 13:39:23.243358
T-shirt 50,5932960.0,5.0,3,XXL,women,2026-02-18 13:39:23.243677
Pants 52,1596480.0,5.0,3,M,men,2026-02-18 13:39:23.244676
Outerwear 53,4470880.0,5.0,3,L,women,2026-02-18 13:39:23.245165
Jacket 54,854560.0,5.0,3,XL,unisex,2026-02-18 13:39:23.245490
Crewneck 55,1793760.0,5.0,3,XXL,men,2026-02-18 13:39:23.245811
T-shirt 56,4643040.0,5.0,3,S,women,2026-02-18 13:39:23.246157
Hoodie 57,3155360.0,5.0,3,M,unisex,2026-02-18 13:39:23.246478
Pants 58,1637760.0,5.0,3,L,men,2026-02-18 13:39:23.246801
Outerwear 59,2254240.0,5.0,3,XL,women,2026-02-18 13:39:23.249060
Jacket 60,3375520.0,5.0,3,XXL,unisex,2026-02-18 13:39:23.250533
T-shirt 62,1376480.0,5.0,3,M,women,2026-02-18 13:39:24.555392
Hoodie 63,6479200.0,5.0,3,L,unisex,2026-02-18 13:39:24.555720
Pants 64,7728480.0,5.0,3,XL,men,2026-02-18 13:39:24.556946
Outerwear 65,2385920.0,5.0,3,XXL,women,2026-02-18 13:39:24.557358
Jacket 66,4353120.0,5.0,3,S,unisex,2026-02-18 13:39:24.557723
Crewneck 67,8470720.0,5.0,3,M,men,2026-02-18 13:39:24.558492
T-shirt 68,8025280.0,5.0,3,L,women,2026-02-18 13:39:24.558865
Hoodie 69,1027840.0,5.0,3,XL,unisex,2026-02-18 13:39:24.559216
Pants 70,1171360.0,5.0,3,XXL,men,2026-02-18 13:39:24.559560
Jacket 72,3776000.0,5.0,3,M,unisex,2026-02-18 13:39:24.560215
Crewneck 73,2460320.0,5.0,3,L,men,2026-02-18 13:39:24.560532
T-shirt 74,7704800.0,5.0,3,XL,women,2026-02-18 13:39:24.560857
Hoodie 75,2101760.0,5.0,3,XXL,unisex,2026-02-18 13:39:24.561174
Outerwear 77,861760.0,5.0,3,M,women,2026-02-18 13:39:24.561869
Jacket 78,2716480.0,5.0,3,L,unisex,2026-02-18 13:39:24.562192
Crewneck 79,3309600.0,5.0,3,XL,men,2026-02-18 13:39:24.562508
T-shirt 80,4178400.0,5.0,3,XXL,women,2026-02-18 13:39:24.562827
Pants 82,8315520.0,5.0,3,M,men,2026-02-18 13:39:25.928474
Outerwear 83,3947840.0,5.0,3,L,women,2026-02-18 13:39:25.928813
Jacket 84,2826080.0,5.0,3,XL,unisex,2026-02-18 13:39:25.929134
Crewneck 85,4564160.0,5.0,3,XXL,men,2026-02-18 13:39:25.929458
T-shirt 86,1670880.0,5.0,3,S,women,2026-02-18 13:39:25.929825
Hoodie 87,7870240.0,5.0,3,M,unisex,2026-02-18 13:39:25.930143
Pants 88,7590400.0,5.0,3,L,men,2026-02-18 13:39:25.930465
Outerwear 89,4856320.0,5.0,3,XL,women,2026-02-18 13:39:25.931196
Jacket 90,7160000.0,5.0,3,XXL,unisex,2026-02-18 13:39:25.931647
T-shirt 92,5012320.0,5.0,3,M,women,2026-02-18 13:39:25.932287
Hoodie 93,1365280.0,5.0,3,L,unisex,2026-02-18 13:39:25.932610
Pants 94,1074880.0,5.0,3,XL,men,2026-02-18 13:39:25.932936
Outerwear 95,6062240.0,5.0,3,XXL,women,2026-02-18 13:39:25.933254
Jacket 96,4598240.0,5.0,3,S,unisex,2026-02-18 13:39:25.933586
Crewneck 97,6113120.0,5.0,3,M,men,2026-02-18 13:39:25.933932
T-shirt 98,8596960.0,5.0,3,L,women,2026-02-18 13:39:25.934255
Hoodie 99,5028000.0,5.0,3,XL,unisex,2026-02-18 13:39:25.934579
Pants 100,2217280.0,5.0,3,XXL,men,2026-02-18 13:39:25.934896
Jacket 102,3840640.0,5.0,3,M,unisex,2026-02-18 13:39:27.204999
Crewneck 103,2331680.0,5.0,3,L,men,2026-02-18 13:39:27.205389
T-shirt 104,2374400.0,5.0,3,XL,women,2026-02-18 13:39:27.205720
Hoodie 105,5019840.0,5.0,3,XXL,unisex,2026-02-18 13:39:27.206047
Outerwear 107,6625120.0,5.0,3,M,women,2026-02-18 13:39:27.207230
Jacket 108,5551680.0,5.0,3,L,unisex,2026-02-18 13:39:27.207635
Crewneck 109,5886880.0,5.0,3,XL,men,2026-02-18 13:39:27.207962
T-shirt 110,7197120.0,5.0,3,XXL,women,2026-02-18 13:39:27.208290
Pants 112,4261920.0,5.0,3,M,men,2026-02-18 13:39:27.208926
Outerwear 113,4472000.0,5.0,3,L,women,2026-02-18 13:39:27.209358
Jacket 114,5386560.0,5.0,3,XL,unisex,2026-02-18 13:39:27.209865
Crewneck 115,1933280.0,5.0,3,XXL,men,2026-02-18 13:39:27.210292
T-shirt 116,3474560.0,5.0,3,S,women,2026-02-18 13:39:27.210619
Hoodie 117,3376320.0,5.0,3,M,unisex,2026-02-18 13:39:27.210937
Pants 118,5585440.0,5.0,3,L,men,2026-02-18 13:39:27.211280
Outerwear 119,3561760.0,5.0,3,XL,women,2026-02-18 13:39:27.211608
Jacket 120,7480320.0,5.0,3,XXL,unisex,2026-02-18 13:39:27.211925
T-shirt 122,1961920.0,5.0,3,M,women,2026-02-18 13:39:28.540348
Hoodie 123,4498080.0,5.0,3,L,unisex,2026-02-18 13:39:28.540682
Pants 124,7023520.0,5.0,3,XL,men,2026-02-18 13:39:28.541004
Outerwear 125,6998240.0,5.0,3,XXL,women,2026-02-18 13:39:28.541327
Jacket 126,4426080.0,5.0,3,S,unisex,2026-02-18 13:39:28.541651
Crewneck 127,8311680.0,5.0,3,M,men,2026-02-18 13:39:28.541978
T-shirt 128,4466720.0,5.0,3,L,women,2026-02-18 13:39:28.542300
Hoodie 129,2532480.0,5.0,3,XL,unisex,2026-02-18 13:39:28.542624
Pants 130,6603520.0,5.0,3,XXL,men,2026-02-18 13:39:28.542954
Jacket 132,6474880.0,5.0,3,M,unisex,2026-02-18 13:39:28.543601
Crewneck 133,2016320.0,5.0,3,L,men,2026-02-18 13:39:28.543937
T-shirt 134,5937440.0,5.0,3,XL,women,2026-02-18 13:39:28.544256
Hoodie 135,5141440.0,5.0,3,XXL,unisex,2026-02-18 13:39:28.544577
Outerwear 137,6988320.0,5.0,3,M,women,2026-02-18 13:39:28.545274
Jacket 138,4635520.0,5.0,3,L,unisex,2026-02-18 13:39:28.545594
Crewneck 139,8053120.0,5.0,3,XL,men,2026-02-18 13:39:28.545921
T-shirt 140,6811040.0,5.0,3,XXL,women,2026-02-18 13:39:28.546237
Pants 142,2325280.0,5.0,3,M,men,2026-02-18 13:39:29.905579
Outerwear 143,3346560.0,5.0,3,L,women,2026-02-18 13:39:29.905904
Jacket 144,5758240.0,5.0,3,XL,unisex,2026-02-18 13:39:29.906234
Crewneck 145,3472800.0,5.0,3,XXL,men,2026-02-18 13:39:29.906556
T-shirt 146,7688640.0,5.0,3,S,women,2026-02-18 13:39:29.906874
Hoodie 147,3052800.0,5.0,3,M,unisex,2026-02-18 13:39:29.907214
Pants 148,6033440.0,5.0,3,L,men,2026-02-18 13:39:29.907613
Outerwear 149,3105920.0,5.0,3,XL,women,2026-02-18 13:39:29.907942
Jacket 150,1500640.0,5.0,3,XXL,unisex,2026-02-18 13:39:29.908453
T-shirt 152,6288640.0,5.0,3,M,women,2026-02-18 13:39:29.909505
Hoodie 153,2660640.0,5.0,3,L,unisex,2026-02-18 13:39:29.910010
Pants 154,2337440.0,5.0,3,XL,men,2026-02-18 13:39:29.910524
Outerwear 155,3783200.0,5.0,3,XXL,women,2026-02-18 13:39:29.911026
Jacket 156,6645120.0,5.0,3,S,unisex,2026-02-18 13:39:29.911546
Crewneck 157,1105760.0,5.0,3,M,men,2026-02-18 13:39:29.912049
T-shirt 158,7321120.0,5.0,3,L,women,2026-02-18 13:39:29.912567
Hoodie 159,2371680.0,5.0,3,XL,unisex,2026-02-18 13:39:29.913068
Pants 160,2802880.0,5.0,3,XXL,men,2026-02-18 13:39:29.913413
Jacket 162,1543840.0,5.0,3,M,unisex,2026-02-18 13:39:31.189002
Crewneck 163,7861920.0,5.0,3,L,men,2026-02-18 13:39:31.189332
T-shirt 164,3512000.0,5.0,3,XL,women,2026-02-18 13:39:31.189660
Hoodie 165,6921280.0,5.0,3,XXL,unisex,2026-02-18 13:39:31.190056
Outerwear 167,3273760.0,5.0,3,M,women,2026-02-18 13:39:31.190752
Jacket 168,870400.0,5.0,3,L,unisex,2026-02-18 13:39:31.191068
Crewneck 169,8032800.0,5.0,3,XL,men,2026-02-18 13:39:31.191392
T-shirt 170,6677920.0,5.0,3,XXL,women,2026-02-18 13:39:31.191709
Pants 172,1566080.0,5.0,3,M,men,2026-02-18 13:39:31.192361
Outerwear 173,7034560.0,5.0,3,L,women,2026-02-18 13:39:31.192680
Jacket 174,6282240.0,5.0,3,XL,unisex,2026-02-18 13:39:31.193013
Crewneck 175,8125120.0,5.0,3,XXL,men,2026-02-18 13:39:31.193329
T-shirt 176,6104320.0,5.0,3,S,women,2026-02-18 13:39:31.193650
Hoodie 177,1890400.0,5.0,3,M,unisex,2026-02-18 13:39:31.195934
Pants 178,6184160.0,5.0,3,L,men,2026-02-18 13:39:31.196900
Outerwear 179,5816640.0,5.0,3,XL,women,2026-02-18 13:39:31.198925
Jacket 180,5552640.0,5.0,3,XXL,unisex,2026-02-18 13:39:31.199714
T-shirt 182,2334880.0,5.0,3,M,women,2026-02-18 13:39:32.497641
Hoodie 183,3904640.0,5.0,3,L,unisex,2026-02-18 13:39:32.498202
Pants 184,7759520.0,5.0,3,XL,men,2026-02-18 13:39:32.498580
Outerwear 185,7822880.0,5.0,3,XXL,women,2026-02-18 13:39:32.498899
Jacket 186,6940480.0,5.0,3,S,unisex,2026-02-18 13:39:32.499231
Crewneck 187,6663520.0,5.0,3,M,men,2026-02-18 13:39:32.499766
T-shirt 188,3927840.0,5.0,3,L,women,2026-02-18 13:39:32.500100
Hoodie 189,1946720.0,5.0,3,XL,unisex,2026-02-18 13:39:32.500785
Pants 190,2220960.0,5.0,3,XXL,men,2026-02-18 13:39:32.501206
Jacket 192,5066240.0,5.0,3,M,unisex,2026-02-18 13:39:32.501859
Crewneck 193,7355680.0,5.0,3,L,men,2026-02-18 13:39:32.502311
T-shirt 194,2818720.0,5.0,3,XL,women,2026-02-18 13:39:32.502885
Hoodie 195,7208960.0,5.0,3,XXL,unisex,2026-02-18 13:39:32.503536
Outerwear 197,5681600.0,5.0,3,M,women,2026-02-18 13:39:32.504346
Jacket 198,5435040.0,5.0,3,L,unisex,2026-02-18 13:39:32.504691
Crewneck 199,6744320.0,5.0,3,XL,men,2026-02-18 13:39:32.505012
T-shirt 200,6289920.0,5.0,3,XXL,women,2026-02-18 13:39:32.505337
Pants 202,5592480.0,5.0,3,M,men,2026-02-18 13:39:33.742871
Outerwear 203,2144000.0,5.0,3,L,women,2026-02-18 13:39:33.743682
Jacket 204,6031040.0,5.0,3,XL,unisex,2026-02-18 13:39:33.744487
Crewneck 205,6434880.0,5.0,3,XXL,men,2026-02-18 13:39:33.745287
T-shirt 206,4674720.0,5.0,3,S,women,2026-02-18 13:39:33.746088
Hoodie 207,6101440.0,5.0,3,M,unisex,2026-02-18 13:39:33.746884
Pants 208,4637600.0,5.0,3,L,men,2026-02-18 13:39:33.747800
Outerwear 209,7980640.0,5.0,3,XL,women,2026-02-18 13:39:33.748247
Jacket 210,7827360.0,5.0,3,XXL,unisex,2026-02-18 13:39:33.748576
T-shirt 212,8794880.0,5.0,3,M,women,2026-02-18 13:39:33.749217
Hoodie 213,5748000.0,5.0,3,L,unisex,2026-02-18 13:39:33.749540
Pants 214,4315680.0,5.0,3,XL,men,2026-02-18 13:39:33.749943
Outerwear 215,1449600.0,5.0,3,XXL,women,2026-02-18 13:39:33.750342
Jacket 216,4576480.0,5.0,3,S,unisex,2026-02-18 13:39:33.750661
Crewneck 217,5772960.0,5.0,3,M,men,2026-02-18 13:39:33.750985
T-shirt 218,5600320.0,5.0,3,L,women,2026-02-18 13:39:33.751347
Hoodie 219,5671040.0,5.0,3,XL,unisex,2026-02-18 13:39:33.751663
Pants 220,3357600.0,5.0,3,XXL,men,2026-02-18 13:39:33.752942
Jacket 222,7438080.0,5.0,3,M,unisex,2026-02-18 13:39:36.040761
Crewneck 223,952960.0,5.0,3,L,men,2026-02-18 13:39:36.041086
T-shirt 224,3534560.0,5.0,3,XL,women,2026-02-18 13:39:36.041451
Hoodie 225,5232800.0,5.0,3,XXL,unisex,2026-02-18 13:39:36.041954
Outerwear 227,6742560.0,5.0,3,M,women,2026-02-18 13:39:36.043028
Jacket 228,8076800.0,5.0,3,L,unisex,2026-02-18 13:39:36.043352
Crewneck 229,3101920.0,5.0,3,XL,men,2026-02-18 13:39:36.043694
T-shirt 230,7133280.0,5.0,3,XXL,women,2026-02-18 13:39:36.044029
Pants 232,8327360.0,5.0,3,M,men,2026-02-18 13:39:36.044678
Outerwear 233,847360.0,5.0,3,L,women,2026-02-18 13:39:36.044997
Jacket 234,1159200.0,5.0,3,XL,unisex,2026-02-18 13:39:36.045319
Crewneck 235,6560320.0,5.0,3,XXL,men,2026-02-18 13:39:36.045650
T-shirt 236,5492320.0,5.0,3,S,women,2026-02-18 13:39:36.045970
Hoodie 237,4743520.0,5.0,3,M,unisex,2026-02-18 13:39:36.046288
Pants 238,8301920.0,5.0,3,L,men,2026-02-18 13:39:36.046776
Outerwear 239,7934080.0,5.0,3,XL,women,2026-02-18 13:39:36.047275
Jacket 240,7600000.0,5.0,3,XXL,unisex,2026-02-18 13:39:36.047635
T-shirt 242,4833600.0,5.0,3,M,women,2026-02-18 13:39:37.548918
Hoodie 243,3371680.0,5.0,3,L,unisex,2026-02-18 13:39:37.549250
Pants 244,8116160.0,5.0,3,XL,men,2026-02-18 13:39:37.549570
Outerwear 245,1451680.0,5.0,3,XXL,women,2026-02-18 13:39:37.549905
Jacket 246,8735040.0,5.0,3,S,unisex,2026-02-18 13:39:37.550226
Crewneck 247,8769120.0,5.0,3,M,men,2026-02-18 13:39:37.550545
T-shirt 248,2280000.0,5.0,3,L,women,2026-02-18 13:39:37.550872
Hoodie 249,2149440.0,5.0,3,XL,unisex,2026-02-18 13:39:37.551197
Pants 250,4314240.0,5.0,3,XXL,men,2026-02-18 13:39:37.551512
Jacket 252,8408480.0,5.0,3,M,unisex,2026-02-18 13:39:37.554127
Crewneck 253,1854720.0,5.0,3,L,men,2026-02-18 13:39:37.554720
T-shirt 254,5984160.0,5.0,3,XL,women,2026-02-18 13:39:37.555342
Hoodie 255,3668000.0,5.0,3,XXL,unisex,2026-02-18 13:39:37.556459
Outerwear 257,7073120.0,5.0,3,M,women,2026-02-18 13:39:37.559336
Jacket 258,2080640.0,5.0,3,L,unisex,2026-02-18 13:39:37.560760
Crewneck 259,2275520.0,5.0,3,XL,men,2026-02-18 13:39:37.561242
T-shirt 260,6271520.0,5.0,3,XXL,women,2026-02-18 13:39:37.561580
Pants 262,1097760.0,5.0,3,M,men,2026-02-18 13:39:38.934820
Outerwear 263,1878400.0,5.0,3,L,women,2026-02-18 13:39:38.935483
Jacket 264,2063040.0,5.0,3,XL,unisex,2026-02-18 13:39:38.937148
Crewneck 265,2483040.0,5.0,3,XXL,men,2026-02-18 13:39:38.938404
T-shirt 266,4842080.0,5.0,3,S,women,2026-02-18 13:39:38.938935
Hoodie 267,4086240.0,5.0,3,M,unisex,2026-02-18 13:39:38.939264
Pants 268,5005120.0,5.0,3,L,men,2026-02-18 13:39:38.939599
Outerwear 269,8073920.0,5.0,3,XL,women,2026-02-18 13:39:38.939932
Jacket 270,2569120.0,5.0,3,XXL,unisex,2026-02-18 13:39:38.940252
T-shirt 272,5811840.0,5.0,3,M,women,2026-02-18 13:39:38.940899
Hoodie 273,5291360.0,5.0,3,L,unisex,2026-02-18 13:39:38.941224
Pants 274,3669280.0,5.0,3,XL,men,2026-02-18 13:39:38.941545
Outerwear 275,5575360.0,5.0,3,XXL,women,2026-02-18 13:39:38.941860
Jacket 276,1013600.0,5.0,3,S,unisex,2026-02-18 13:39:38.942183
Crewneck 277,2383680.0,5.0,3,M,men,2026-02-18 13:39:38.942505
T-shirt 278,2087360.0,5.0,3,L,women,2026-02-18 13:39:38.942829
Hoodie 279,5592320.0,5.0,3,XL,unisex,2026-02-18 13:39:38.943150
Pants 280,7501440.0,5.0,3,XXL,men,2026-02-18 13:39:38.943469
Jacket 282,2227040.0,5.0,3,M,unisex,2026-02-18 13:39:41.354661
Crewneck 283,6633120.0,5.0,3,L,men,2026-02-18 13:39:41.356115
T-shirt 284,6568000.0,5.0,3,XL,women,2026-02-18 13:39:41.356543
Hoodie 285,3009120.0,5.0,3,XXL,unisex,2026-02-18 13:39:41.356919
Outerwear 287,5273600.0,5.0,3,M,women,2026-02-18 13:39:41.358091
Jacket 288,3123040.0,5.0,3,L,unisex,2026-02-18 13:39:41.358426
Crewneck 289,888000.0,5.0,3,XL,men,2026-02-18 13:39:41.358755
T-shirt 290,6425120.0,5.0,3,XXL,women,2026-02-18 13:39:41.359081
Pants 292,2384480.0,5.0,3,M,men,2026-02-18 13:39:41.359751
Outerwear 293,1176160.0,5.0,3,L,women,2026-02-18 13:39:41.360066
Jacket 294,5947200.0,5.0,3,XL,unisex,2026-02-18 13:39:41.360542
Crewneck 295,7266720.0,5.0,3,XXL,men,2026-02-18 13:39:41.360864
T-shirt 296,1172160.0,5.0,3,S,women,2026-02-18 13:39:41.361186
Hoodie 297,7801120.0,5.0,3,M,unisex,2026-02-18 13:39:41.361503
Pants 298,2426080.0,5.0,3,L,men,2026-02-18 13:39:41.361835
Outerwear 299,1947840.0,5.0,3,XL,women,2026-02-18 13:39:41.362445
Jacket 300,6408480.0,5.0,3,XXL,unisex,2026-02-18 13:39:41.362770
T-shirt 302,5711200.0,5.0,3,M,women,2026-02-18 13:39:42.702107
Hoodie 303,7974560.0,5.0,3,L,unisex,2026-02-18 13:39:42.703590
Pants 304,7129760.0,5.0,3,XL,men,2026-02-18 13:39:42.704727
Outerwear 305,6325440.0,5.0,3,XXL,women,2026-02-18 13:39:42.705481
Jacket 306,7575040.0,5.0,3,S,unisex,2026-02-18 13:39:42.706034
Crewneck 307,7735200.0,5.0,3,M,men,2026-02-18 13:39:42.706536
T-shirt 308,4086080.0,5.0,3,L,women,2026-02-18 13:39:42.706986
Hoodie 309,3953120.0,5.0,3,XL,unisex,2026-02-18 13:39:42.707329
Pants 310,6329280.0,5.0,3,XXL,men,2026-02-18 13:39:42.707791
Jacket 312,7267040.0,5.0,3,M,unisex,2026-02-18 13:39:42.708445
Crewneck 313,1948320.0,5.0,3,L,men,2026-02-18 13:39:42.708794
T-shirt 314,6017120.0,5.0,3,XL,women,2026-02-18 13:39:42.709114
Hoodie 315,7022880.0,5.0,3,XXL,unisex,2026-02-18 13:39:42.709439
Outerwear 317,5259040.0,5.0,3,M,women,2026-02-18 13:39:42.710454
Jacket 318,5667200.0,5.0,3,L,unisex,2026-02-18 13:39:42.710871
Crewneck 319,3085920.0,5.0,3,XL,men,2026-02-18 13:39:42.711187
T-shirt 320,829440.0,5.0,3,XXL,women,2026-02-18 13:39:42.711501
Pants 322,7810400.0,5.0,3,M,men,2026-02-18 13:39:44.075780
Outerwear 323,8468000.0,5.0,3,L,women,2026-02-18 13:39:44.076298
Jacket 324,6082720.0,5.0,3,XL,unisex,2026-02-18 13:39:44.076803
Crewneck 325,3001760.0,5.0,3,XXL,men,2026-02-18 13:39:44.077175
T-shirt 326,4519360.0,5.0,3,S,women,2026-02-18 13:39:44.077902
Hoodie 327,6641440.0,5.0,3,M,unisex,2026-02-18 13:39:44.078325
Pants 328,5732960.0,5.0,3,L,men,2026-02-18 13:39:44.078655
Outerwear 329,6724160.0,5.0,3,XL,women,2026-02-18 13:39:44.078983
Jacket 330,1591200.0,5.0,3,XXL,unisex,2026-02-18 13:39:44.079352
T-shirt 332,2335680.0,5.0,3,M,women,2026-02-18 13:39:44.080000
Hoodie 333,1746080.0,5.0,3,L,unisex,2026-02-18 13:39:44.080321
Pants 334,2409440.0,5.0,3,XL,men,2026-02-18 13:39:44.080641
Outerwear 335,2826720.0,5.0,3,XXL,women,2026-02-18 13:39:44.080959
Jacket 336,6237760.0,5.0,3,S,unisex,2026-02-18 13:39:44.081278
Crewneck 337,8608800.0,5.0,3,M,men,2026-02-18 13:39:44.081604
T-shirt 338,2883360.0,5.0,3,L,women,2026-02-18 13:39:44.081943
Hoodie 339,4424800.0,5.0,3,XL,unisex,2026-02-18 13:39:44.082262
Pants 340,5975200.0,5.0,3,XXL,men,2026-02-18 13:39:44.082579
Jacket 342,1827680.0,5.0,3,M,unisex,2026-02-18 13:39:45.265688
Crewneck 343,2279040.0,5.0,3,L,men,2026-02-18 13:39:45.266025
T-shirt 344,3415680.0,5.0,3,XL,women,2026-02-18 13:39:45.266350
Hoodie 345,7577440.0,5.0,3,XXL,unisex,2026-02-18 13:39:45.266670
Outerwear 347,6986080.0,5.0,3,M,women,2026-02-18 13:39:45.267641
Jacket 348,3195040.0,5.0,3,L,unisex,2026-02-18 13:39:45.268109
Crewneck 349,6085600.0,5.0,3,XL,men,2026-02-18 13:39:45.268449
T-shirt 350,8047680.0,5.0,3,XXL,women,2026-02-18 13:39:45.269047
Pants 352,2838880.0,5.0,3,M,men,2026-02-18 13:39:45.269915
Outerwear 353,961600.0,5.0,3,L,women,2026-02-18 13:39:45.270249
Jacket 354,2294720.0,5.0,3,XL,unisex,2026-02-18 13:39:45.270579
Crewneck 355,4246560.0,5.0,3,XXL,men,2026-02-18 13:39:45.271151
T-shirt 356,7150080.0,5.0,3,S,women,2026-02-18 13:39:45.271476
Hoodie 357,3739360.0,5.0,3,M,unisex,2026-02-18 13:39:45.271792
Pants 358,8479520.0,5.0,3,L,men,2026-02-18 13:39:45.272615
Outerwear 359,1696480.0,5.0,3,XL,women,2026-02-18 13:39:45.273706
Jacket 360,8788320.0,5.0,3,XXL,unisex,2026-02-18 13:39:45.274460
T-shirt 362,4776800.0,5.0,3,M,women,2026-02-18 13:39:46.629169
Hoodie 363,1171360.0,5.0,3,L,unisex,2026-02-18 13:39:46.630023
Pants 364,4972800.0,5.0,3,XL,men,2026-02-18 13:39:46.630658
Outerwear 365,6956480.0,5.0,3,XXL,women,2026-02-18 13:39:46.631142
Jacket 366,5854880.0,5.0,3,S,unisex,2026-02-18 13:39:46.631474
Crewneck 367,8359360.0,5.0,3,M,men,2026-02-18 13:39:46.632042
T-shirt 368,965120.0,5.0,3,L,women,2026-02-18 13:39:46.632933
Hoodie 369,7204960.0,5.0,3,XL,unisex,2026-02-18 13:39:46.633854
Pants 370,4559680.0,5.0,3,XXL,men,2026-02-18 13:39:46.634637
Jacket 372,5052960.0,5.0,3,M,unisex,2026-02-18 13:39:46.640728
Crewneck 373,2231040.0,5.0,3,L,men,2026-02-18 13:39:46.641051
T-shirt 374,7697120.0,5.0,3,XL,women,2026-02-18 13:39:46.641379
Hoodie 375,7027520.0,5.0,3,XXL,unisex,2026-02-18 13:39:46.641700
Outerwear 377,6802080.0,5.0,3,M,women,2026-02-18 13:39:46.642386
Jacket 378,3402400.0,5.0,3,L,unisex,2026-02-18 13:39:46.642710
Crewneck 379,3963200.0,5.0,3,XL,men,2026-02-18 13:39:46.643220
T-shirt 380,2547040.0,5.0,3,XXL,women,2026-02-18 13:39:46.643542
Pants 382,1356160.0,5.0,3,M,men,2026-02-18 13:39:47.845736
Outerwear 383,3431040.0,5.0,3,L,women,2026-02-18 13:39:47.846063
Jacket 384,1452960.0,5.0,3,XL,unisex,2026-02-18 13:39:47.846383
Crewneck 385,7950720.0,5.0,3,XXL,men,2026-02-18 13:39:47.846705
T-shirt 386,4793600.0,5.0,3,S,women,2026-02-18 13:39:47.847027
Hoodie 387,8418080.0,5.0,3,M,unisex,2026-02-18 13:39:47.847379
Pants 388,931200.0,5.0,3,L,men,2026-02-18 13:39:47.847714
Outerwear 389,2883200.0,5.0,3,XL,women,2026-02-18 13:39:47.848045
Jacket 390,5432960.0,5.0,3,XXL,unisex,2026-02-18 13:39:47.848462
T-shirt 392,1226080.0,5.0,3,M,women,2026-02-18 13:39:47.849107
Hoodie 393,4068480.0,5.0,3,L,unisex,2026-02-18 13:39:47.849428
Pants 394,3540000.0,5.0,3,XL,men,2026-02-18 13:39:47.849742
Outerwear 395,3098720.0,5.0,3,XXL,women,2026-02-18 13:39:47.850062
Jacket 396,2505280.0,5.0,3,S,unisex,2026-02-18 13:39:47.850378
Crewneck 397,855360.0,5.0,3,M,men,2026-02-18 13:39:47.850690
T-shirt 398,4592800.0,5.0,3,L,women,2026-02-18 13:39:47.851015
Hoodie 399,2523520.0,5.0,3,XL,unisex,2026-02-18 13:39:47.851963
Pants 400,6020640.0,5.0,3,XXL,men,2026-02-18 13:39:47.852913
Jacket 402,2029120.0,5.0,3,M,unisex,2026-02-18 13:39:49.171388
Crewneck 403,1580320.0,5.0,3,L,men,2026-02-18 13:39:49.171807
T-shirt 404,3501120.0,5.0,3,XL,women,2026-02-18 13:39:49.172155
Hoodie 405,5080160.0,5.0,3,XXL,unisex,2026-02-18 13:39:49.172478
Outerwear 407,2761280.0,5.0,3,M,women,2026-02-18 13:39:49.173174
Jacket 408,4176000.0,5.0,3,L,unisex,2026-02-18 13:39:49.173493
Crewneck 409,3221760.0,5.0,3,XL,men,2026-02-18 13:39:49.173813
T-shirt 410,1586720.0,5.0,3,XXL,women,2026-02-18 13:39:49.174125
Pants 412,5438240.0,5.0,3,M,men,2026-02-18 13:39:49.174833
Outerwear 413,1306400.0,5.0,3,L,women,2026-02-18 13:39:49.175153
Jacket 414,2234720.0,5.0,3,XL,unisex,2026-02-18 13:39:49.175471
Crewneck 415,3617440.0,5.0,3,XXL,men,2026-02-18 13:39:49.175784
T-shirt 416,4454080.0,5.0,3,S,women,2026-02-18 13:39:49.176099
Hoodie 417,2769440.0,5.0,3,M,unisex,2026-02-18 13:39:49.176418
Pants 418,6307840.0,5.0,3,L,men,2026-02-18 13:39:49.176738
Outerwear 419,7004000.0,5.0,3,XL,women,2026-02-18 13:39:49.177051
Jacket 420,2472640.0,5.0,3,XXL,unisex,2026-02-18 13:39:49.177492
T-shirt 422,924320.0,5.0,3,M,women,2026-02-18 13:39:50.419649
Hoodie 423,4601760.0,5.0,3,L,unisex,2026-02-18 13:39:50.420514
Pants 424,3865760.0,5.0,3,XL,men,2026-02-18 13:39:50.421001
Outerwear 425,2528480.0,5.0,3,XXL,women,2026-02-18 13:39:50.421331
Jacket 426,3462400.0,5.0,3,S,unisex,2026-02-18 13:39:50.421674
Crewneck 427,6375200.0,5.0,3,M,men,2026-02-18 13:39:50.422004
T-shirt 428,7053120.0,5.0,3,L,women,2026-02-18 13:39:50.422324
Hoodie 429,1658560.0,5.0,3,XL,unisex,2026-02-18 13:39:50.422646
Pants 430,1442080.0,5.0,3,XXL,men,2026-02-18 13:39:50.422974
Jacket 432,2151840.0,5.0,3,M,unisex,2026-02-18 13:39:50.423634
Crewneck 433,3872480.0,5.0,3,L,men,2026-02-18 13:39:50.423955
T-shirt 434,6557120.0,5.0,3,XL,women,2026-02-18 13:39:50.424270
Hoodie 435,1015680.0,5.0,3,XXL,unisex,2026-02-18 13:39:50.424585
Outerwear 437,1016800.0,5.0,3,M,women,2026-02-18 13:39:50.425270
Jacket 438,2453120.0,5.0,3,L,unisex,2026-02-18 13:39:50.425593
Crewneck 439,4005440.0,5.0,3,XL,men,2026-02-18 13:39:50.425911
T-shirt 440,5326080.0,5.0,3,XXL,women,2026-02-18 13:39:50.426229
Pants 442,4701600.0,5.0,3,M,men,2026-02-18 13:39:51.637721
Outerwear 443,7262720.0,5.0,3,L,women,2026-02-18 13:39:51.638406
Jacket 444,4016960.0,5.0,3,XL,unisex,2026-02-18 13:39:51.638964
Crewneck 445,3574240.0,5.0,3,XXL,men,2026-02-18 13:39:51.639363
T-shirt 446,7740160.0,5.0,3,S,women,2026-02-18 13:39:51.639686
Hoodie 447,4748640.0,5.0,3,M,unisex,2026-02-18 13:39:51.640009
Pants 448,820160.0,5.0,3,L,men,2026-02-18 13:39:51.640640
Outerwear 449,6410080.0,5.0,3,XL,women,2026-02-18 13:39:51.641053
Jacket 450,8754880.0,5.0,3,XXL,unisex,2026-02-18 13:39:51.641428
T-shirt 452,6892800.0,5.0,3,M,women,2026-02-18 13:39:51.642072
Hoodie 453,6576960.0,5.0,3,L,unisex,2026-02-18 13:39:51.642557
Pants 454,2179520.0,5.0,3,XL,men,2026-02-18 13:39:51.642964
Outerwear 455,1094080.0,5.0,3,XXL,women,2026-02-18 13:39:51.643393
Jacket 456,8096000.0,5.0,3,S,unisex,2026-02-18 13:39:51.643897
Crewneck 457,7342880.0,5.0,3,M,men,2026-02-18 13:39:51.644407
T-shirt 458,4240000.0,5.0,3,L,women,2026-02-18 13:39:51.644914
Hoodie 459,3237280.0,5.0,3,XL,unisex,2026-02-18 13:39:51.645421
Pants 460,1880800.0,5.0,3,XXL,men,2026-02-18 13:39:51.645924
Jacket 462,6767840.0,5.0,3,M,unisex,2026-02-18 13:39:52.988306
Crewneck 463,7539520.0,5.0,3,L,men,2026-02-18 13:39:52.988810
T-shirt 464,6070080.0,5.0,3,XL,women,2026-02-18 13:39:52.989324
Hoodie 465,6164320.0,5.0,3,XXL,unisex,2026-02-18 13:39:52.989735
Outerwear 467,1325920.0,5.0,3,M,women,2026-02-18 13:39:52.990444
Jacket 468,4584960.0,5.0,3,L,unisex,2026-02-18 13:39:52.990776
Crewneck 469,1738880.0,5.0,3,XL,men,2026-02-18 13:39:52.991100
T-shirt 470,7738880.0,5.0,3,XXL,women,2026-02-18 13:39:52.991423
Pants 472,3902080.0,5.0,3,M,men,2026-02-18 13:39:52.993162
Outerwear 473,5478080.0,5.0,3,L,women,2026-02-18 13:39:52.993495
Jacket 474,5864960.0,5.0,3,XL,unisex,2026-02-18 13:39:52.994249
Crewneck 475,7017280.0,5.0,3,XXL,men,2026-02-18 13:39:52.994868
T-shirt 476,3986240.0,5.0,3,S,women,2026-02-18 13:39:52.995496
Hoodie 477,6626080.0,5.0,3,M,unisex,2026-02-18 13:39:52.995846
Pants 478,4912000.0,5.0,3,L,men,2026-02-18 13:39:52.996643
Outerwear 479,7302400.0,5.0,3,XL,women,2026-02-18 13:39:52.996968
Jacket 480,4986240.0,5.0,3,XXL,unisex,2026-02-18 13:39:52.997458
T-shirt 482,3352480.0,5.0,3,M,women,2026-02-18 13:39:54.405895
Hoodie 483,4035040.0,5.0,3,L,unisex,2026-02-18 13:39:54.406221
Pants 484,6428640.0,5.0,3,XL,men,2026-02-18 13:39:54.406590
Outerwear 485,4044480.0,5.0,3,XXL,women,2026-02-18 13:39:54.406912
Jacket 486,2573760.0,5.0,3,S,unisex,2026-02-18 13:39:54.407232
Crewneck 487,6955520.0,5.0,3,M,men,2026-02-18 13:39:54.407669
T-shirt 488,8789760.0,5.0,3,L,women,2026-02-18 13:39:54.408016
Hoodie 489,3554560.0,5.0,3,XL,unisex,2026-02-18 13:39:54.408344
Pants 490,7081600.0,5.0,3,XXL,men,2026-02-18 13:39:54.408765
Jacket 492,6011840.0,5.0,3,M,unisex,2026-02-18 13:39:54.410783
Crewneck 493,5071520.0,5.0,3,L,men,2026-02-18 13:39:54.411844
T-shirt 494,1390080.0,5.0,3,XL,women,2026-02-18 13:39:54.414495
Hoodie 495,1663200.0,5.0,3,XXL,unisex,2026-02-18 13:39:54.415353
Outerwear 497,3957760.0,5.0,3,M,women,2026-02-18 13:39:54.416776
Jacket 498,4412800.0,5.0,3,L,unisex,2026-02-18 13:39:54.417117
Crewneck 499,7825920.0,5.0,3,XL,men,2026-02-18 13:39:54.417471
T-shirt 500,8114400.0,5.0,3,XXL,women,2026-02-18 13:39:54.419807
Pants 502,7132480.0,5.0,3,M,men,2026-02-18 13:39:55.948869
Outerwear 503,4924480.0,5.0,3,L,women,2026-02-18 13:39:55.949202
Jacket 504,8024480.0,5.0,3,XL,unisex,2026-02-18 13:39:55.949521
Crewneck 505,8747680.0,5.0,3,XXL,men,2026-02-18 13:39:55.949882
T-shirt 506,8572000.0,5.0,3,S,women,2026-02-18 13:39:55.950220
Hoodie 507,6844000.0,5.0,3,M,unisex,2026-02-18 13:39:55.950534
Pants 508,7766080.0,5.0,3,L,men,2026-02-18 13:39:55.951035
Outerwear 509,7178400.0,5.0,3,XL,women,2026-02-18 13:39:55.951819
Jacket 510,1562080.0,5.0,3,XXL,unisex,2026-02-18 13:39:55.952360
T-shirt 512,4319680.0,5.0,3,M,women,2026-02-18 13:39:55.953727
Hoodie 513,1693760.0,5.0,3,L,unisex,2026-02-18 13:39:55.954068
Pants 514,6888960.0,5.0,3,XL,men,2026-02-18 13:39:55.954390
Outerwear 515,7262560.0,5.0,3,XXL,women,2026-02-18 13:39:55.954708
Jacket 516,7130720.0,5.0,3,S,unisex,2026-02-18 13:39:55.955033
Crewneck 517,1069280.0,5.0,3,M,men,2026-02-18 13:39:55.955356
T-shirt 518,2575680.0,5.0,3,L,women,2026-02-18 13:39:55.955688
Hoodie 519,2236160.0,5.0,3,XL,unisex,2026-02-18 13:39:55.956018
Pants 520,2308320.0,5.0,3,XXL,men,2026-02-18 13:39:55.956331
Jacket 522,6292960.0,5.0,3,M,unisex,2026-02-18 13:39:57.311226
Crewneck 523,3626720.0,5.0,3,L,men,2026-02-18 13:39:57.311552
T-shirt 524,936000.0,5.0,3,XL,women,2026-02-18 13:39:57.311878
Hoodie 525,7919040.0,5.0,3,XXL,unisex,2026-02-18 13:39:57.312198
Outerwear 527,4669280.0,5.0,3,M,women,2026-02-18 13:39:57.312890
Jacket 528,5595840.0,5.0,3,L,unisex,2026-02-18 13:39:57.313206
Crewneck 529,1420160.0,5.0,3,XL,men,2026-02-18 13:39:57.313533
T-shirt 530,6173760.0,5.0,3,XXL,women,2026-02-18 13:39:57.313850
Pants 532,8391200.0,5.0,3,M,men,2026-02-18 13:39:57.314493
Outerwear 533,3370240.0,5.0,3,L,women,2026-02-18 13:39:57.314810
Jacket 534,3479200.0,5.0,3,XL,unisex,2026-02-18 13:39:57.315125
Crewneck 535,3901280.0,5.0,3,XXL,men,2026-02-18 13:39:57.315445
T-shirt 536,5092480.0,5.0,3,S,women,2026-02-18 13:39:57.315769
Hoodie 537,8671840.0,5.0,3,M,unisex,2026-02-18 13:39:57.316091
Pants 538,6134240.0,5.0,3,L,men,2026-02-18 13:39:57.316417
Outerwear 539,4692640.0,5.0,3,XL,women,2026-02-18 13:39:57.316882
Jacket 540,7051840.0,5.0,3,XXL,unisex,2026-02-18 13:39:57.317206
T-shirt 542,4761440.0,5.0,3,M,women,2026-02-18 13:39:58.596136
Hoodie 543,8715680.0,5.0,3,L,unisex,2026-02-18 13:39:58.596461
Pants 544,5957760.0,5.0,3,XL,men,2026-02-18 13:39:58.596788
Outerwear 545,3579360.0,5.0,3,XXL,women,2026-02-18 13:39:58.597115
Jacket 546,6271520.0,5.0,3,S,unisex,2026-02-18 13:39:58.597440
Crewneck 547,5361120.0,5.0,3,M,men,2026-02-18 13:39:58.597882
T-shirt 548,2686240.0,5.0,3,L,women,2026-02-18 13:39:58.598420
Hoodie 549,2687200.0,5.0,3,XL,unisex,2026-02-18 13:39:58.598928
Pants 550,4450080.0,5.0,3,XXL,men,2026-02-18 13:39:58.599314
Jacket 552,5380320.0,5.0,3,M,unisex,2026-02-18 13:39:58.599979
Crewneck 553,7760800.0,5.0,3,L,men,2026-02-18 13:39:58.600304
T-shirt 554,4001120.0,5.0,3,XL,women,2026-02-18 13:39:58.600621
Hoodie 555,1809600.0,5.0,3,XXL,unisex,2026-02-18 13:39:58.601202
Outerwear 557,5460480.0,5.0,3,M,women,2026-02-18 13:39:58.601901
Jacket 558,5007040.0,5.0,3,L,unisex,2026-02-18 13:39:58.602232
Crewneck 559,1590880.0,5.0,3,XL,men,2026-02-18 13:39:58.602633
T-shirt 560,6885280.0,5.0,3,XXL,women,2026-02-18 13:39:58.602953
Pants 562,3724160.0,5.0,3,M,men,2026-02-18 13:39:59.825074
Outerwear 563,8197440.0,5.0,3,L,women,2026-02-18 13:39:59.825395
Jacket 564,8319200.0,5.0,3,XL,unisex,2026-02-18 13:39:59.825720
Crewneck 565,7635200.0,5.0,3,XXL,men,2026-02-18 13:39:59.826045
T-shirt 566,2611360.0,5.0,3,S,women,2026-02-18 13:39:59.826361
Hoodie 567,4576160.0,5.0,3,M,unisex,2026-02-18 13:39:59.826680
Pants 568,2984160.0,5.0,3,L,men,2026-02-18 13:39:59.827005
Outerwear 569,4966880.0,5.0,3,XL,women,2026-02-18 13:39:59.827329
Jacket 570,4000960.0,5.0,3,XXL,unisex,2026-02-18 13:39:59.827644
T-shirt 572,4756320.0,5.0,3,M,women,2026-02-18 13:39:59.828541
Hoodie 573,6954080.0,5.0,3,L,unisex,2026-02-18 13:39:59.828861
Pants 574,2424000.0,5.0,3,XL,men,2026-02-18 13:39:59.829816
Outerwear 575,3517760.0,5.0,3,XXL,women,2026-02-18 13:39:59.830195
Jacket 576,805600.0,5.0,3,S,unisex,2026-02-18 13:39:59.830608
Crewneck 577,7873920.0,5.0,3,M,men,2026-02-18 13:39:59.831022
T-shirt 578,7958880.0,5.0,3,L,women,2026-02-18 13:39:59.831344
Hoodie 579,4428640.0,5.0,3,XL,unisex,2026-02-18 13:39:59.831658
Pants 580,2625440.0,5.0,3,XXL,men,2026-02-18 13:39:59.831982
Jacket 582,4112160.0,5.0,3,M,unisex,2026-02-18 13:40:01.071678
Crewneck 583,5737760.0,5.0,3,L,men,2026-02-18 13:40:01.072010
T-shirt 584,6964960.0,5.0,3,XL,women,2026-02-18 13:40:01.072346
Hoodie 585,6186880.0,5.0,3,XXL,unisex,2026-02-18 13:40:01.072665
Outerwear 587,4424960.0,5.0,3,M,women,2026-02-18 13:40:01.073347
Jacket 588,4963040.0,5.0,3,L,unisex,2026-02-18 13:40:01.073668
Crewneck 589,931840.0,5.0,3,XL,men,2026-02-18 13:40:01.074145
T-shirt 590,6457120.0,5.0,3,XXL,women,2026-02-18 13:40:01.074479
Pants 592,6805440.0,5.0,3,M,men,2026-02-18 13:40:01.075118
Outerwear 593,7163840.0,5.0,3,L,women,2026-02-18 13:40:01.075440
Jacket 594,8707680.0,5.0,3,XL,unisex,2026-02-18 13:40:01.075763
Crewneck 595,3723840.0,5.0,3,XXL,men,2026-02-18 13:40:01.076082
T-shirt 596,8290400.0,5.0,3,S,women,2026-02-18 13:40:01.076402
Hoodie 597,7969440.0,5.0,3,M,unisex,2026-02-18 13:40:01.076717
Pants 598,4714080.0,5.0,3,L,men,2026-02-18 13:40:01.077036
Outerwear 599,1179040.0,5.0,3,XL,women,2026-02-18 13:40:01.077358
Jacket 600,6414080.0,5.0,3,XXL,unisex,2026-02-18 13:40:01.077980
T-shirt 602,2260960.0,5.0,3,M,women,2026-02-18 13:40:02.395694
Hoodie 603,7511520.0,5.0,3,L,unisex,2026-02-18 13:40:02.396019
Pants 604,7662240.0,5.0,3,XL,men,2026-02-18 13:40:02.396453
Outerwear 605,1710720.0,5.0,3,XXL,women,2026-02-18 13:40:02.396959
Jacket 606,5770720.0,5.0,3,S,unisex,2026-02-18 13:40:02.397544
Crewneck 607,3857600.0,5.0,3,M,men,2026-02-18 13:40:02.398098
T-shirt 608,7047840.0,5.0,3,L,women,2026-02-18 13:40:02.398438
Hoodie 609,2956320.0,5.0,3,XL,unisex,2026-02-18 13:40:02.398772
Pants 610,4515360.0,5.0,3,XXL,men,2026-02-18 13:40:02.399088
Jacket 612,3202720.0,5.0,3,M,unisex,2026-02-18 13:40:02.399737
Crewneck 613,1013920.0,5.0,3,L,men,2026-02-18 13:40:02.400059
T-shirt 614,2428160.0,5.0,3,XL,women,2026-02-18 13:40:02.400857
Hoodie 615,4798720.0,5.0,3,XXL,unisex,2026-02-18 13:40:02.401555
Outerwear 617,1765920.0,5.0,3,M,women,2026-02-18 13:40:02.402297
Jacket 618,6474080.0,5.0,3,L,unisex,2026-02-18 13:40:02.402622
Crewneck 619,8340640.0,5.0,3,XL,men,2026-02-18 13:40:02.403032
T-shirt 620,2270240.0,5.0,3,XXL,women,2026-02-18 13:40:02.403361
Pants 622,4849600.0,5.0,3,M,men,2026-02-18 13:40:03.582244
Outerwear 623,7299520.0,5.0,3,L,women,2026-02-18 13:40:03.582569
Jacket 624,6943200.0,5.0,3,XL,unisex,2026-02-18 13:40:03.582911
Crewneck 625,7826400.0,5.0,3,XXL,men,2026-02-18 13:40:03.583244
T-shirt 626,7777440.0,5.0,3,S,women,2026-02-18 13:40:03.583656
Hoodie 627,1232320.0,5.0,3,M,unisex,2026-02-18 13:40:03.584240
Pants 628,8113120.0,5.0,3,L,men,2026-02-18 13:40:03.584582
Outerwear 629,3997920.0,5.0,3,XL,women,2026-02-18 13:40:03.584909
Jacket 630,1003680.0,5.0,3,XXL,unisex,2026-02-18 13:40:03.585233
T-shirt 632,4314240.0,5.0,3,M,women,2026-02-18 13:40:03.585880
Hoodie 633,3128000.0,5.0,3,L,unisex,2026-02-18 13:40:03.586213
Pants 634,8535680.0,5.0,3,XL,men,2026-02-18 13:40:03.586532
Outerwear 635,6897120.0,5.0,3,XXL,women,2026-02-18 13:40:03.586848
Jacket 636,3476320.0,5.0,3,S,unisex,2026-02-18 13:40:03.587164
Crewneck 637,6030240.0,5.0,3,M,men,2026-02-18 13:40:03.588830
T-shirt 638,5220960.0,5.0,3,L,women,2026-02-18 13:40:03.589559
Hoodie 639,6782720.0,5.0,3,XL,unisex,2026-02-18 13:40:03.590066
Pants 640,3038560.0,5.0,3,XXL,men,2026-02-18 13:40:03.590433
Jacket 642,7747360.0,5.0,3,M,unisex,2026-02-18 13:40:04.802118
Crewneck 643,6116000.0,5.0,3,L,men,2026-02-18 13:40:04.802508
T-shirt 644,7479360.0,5.0,3,XL,women,2026-02-18 13:40:04.803007
Hoodie 645,3285440.0,5.0,3,XXL,unisex,2026-02-18 13:40:04.803330
Outerwear 647,4304960.0,5.0,3,M,women,2026-02-18 13:40:04.804033
Jacket 648,8699520.0,5.0,3,L,unisex,2026-02-18 13:40:04.804358
Crewneck 649,8588160.0,5.0,3,XL,men,2026-02-18 13:40:04.804682
T-shirt 650,8012800.0,5.0,3,XXL,women,2026-02-18 13:40:04.805008
Pants 652,6084960.0,5.0,3,M,men,2026-02-18 13:40:04.805646
Outerwear 653,2622080.0,5.0,3,L,women,2026-02-18 13:40:04.806157
Jacket 654,4089440.0,5.0,3,XL,unisex,2026-02-18 13:40:04.806476
Crewneck 655,1834240.0,5.0,3,XXL,men,2026-02-18 13:40:04.806851
T-shirt 656,2538720.0,5.0,3,S,women,2026-02-18 13:40:04.807177
Hoodie 657,8459040.0,5.0,3,M,unisex,2026-02-18 13:40:04.807756
Pants 658,6268320.0,5.0,3,L,men,2026-02-18 13:40:04.808086
Outerwear 659,1817920.0,5.0,3,XL,women,2026-02-18 13:40:04.808405
Jacket 660,8715200.0,5.0,3,XXL,unisex,2026-02-18 13:40:04.808724
T-shirt 662,1422720.0,5.0,3,M,women,2026-02-18 13:40:06.080514
Hoodie 663,7087200.0,5.0,3,L,unisex,2026-02-18 13:40:06.080839
Pants 664,8248640.0,5.0,3,XL,men,2026-02-18 13:40:06.081348
Outerwear 665,4033600.0,5.0,3,XXL,women,2026-02-18 13:40:06.081853
Jacket 666,4844000.0,5.0,3,S,unisex,2026-02-18 13:40:06.082193
Crewneck 667,1756640.0,5.0,3,M,men,2026-02-18 13:40:06.082515
T-shirt 668,5044640.0,5.0,3,L,women,2026-02-18 13:40:06.082837
Hoodie 669,2346080.0,5.0,3,XL,unisex,2026-02-18 13:40:06.083171
Pants 670,8406720.0,5.0,3,XXL,men,2026-02-18 13:40:06.083494
Jacket 672,4776160.0,5.0,3,M,unisex,2026-02-18 13:40:06.085639
Crewneck 673,2803360.0,5.0,3,L,men,2026-02-18 13:40:06.086076
T-shirt 674,3156640.0,5.0,3,XL,women,2026-02-18 13:40:06.086399
Hoodie 675,4314880.0,5.0,3,XXL,unisex,2026-02-18 13:40:06.086717
Outerwear 677,4657440.0,5.0,3,M,women,2026-02-18 13:40:06.087422
Jacket 678,2777120.0,5.0,3,L,unisex,2026-02-18 13:40:06.087828
Crewneck 679,6373120.0,5.0,3,XL,men,2026-02-18 13:40:06.088377
T-shirt 680,8164800.0,5.0,3,XXL,women,2026-02-18 13:40:06.088716
Pants 682,7616480.0,5.0,3,M,men,2026-02-18 13:40:07.248530
Outerwear 683,3907360.0,5.0,3,L,women,2026-02-18 13:40:07.249172
Jacket 684,7102560.0,5.0,3,XL,unisex,2026-02-18 13:40:07.249701
Crewneck 685,1495840.0,5.0,3,XXL,men,2026-02-18 13:40:07.250058
T-shirt 686,5381760.0,5.0,3,S,women,2026-02-18 13:40:07.250693
Hoodie 687,4220800.0,5.0,3,M,unisex,2026-02-18 13:40:07.251641
Pants 688,1487520.0,5.0,3,L,men,2026-02-18 13:40:07.252499
Outerwear 689,1939040.0,5.0,3,XL,women,2026-02-18 13:40:07.253487
Jacket 690,8782560.0,5.0,3,XXL,unisex,2026-02-18 13:40:07.254511
T-shirt 692,1416480.0,5.0,3,M,women,2026-02-18 13:40:07.256583
Hoodie 693,3031680.0,5.0,3,L,unisex,2026-02-18 13:40:07.257397
Pants 694,2466720.0,5.0,3,XL,men,2026-02-18 13:40:07.258274
Outerwear 695,959360.0,5.0,3,XXL,women,2026-02-18 13:40:07.258759
Jacket 696,5146240.0,5.0,3,S,unisex,2026-02-18 13:40:07.259091
Crewneck 697,6545120.0,5.0,3,M,men,2026-02-18 13:40:07.259410
T-shirt 698,2444960.0,5.0,3,L,women,2026-02-18 13:40:07.260545
Hoodie 699,5250240.0,5.0,3,XL,unisex,2026-02-18 13:40:07.261007
Pants 700,3526560.0,5.0,3,XXL,men,2026-02-18 13:40:07.261345
Jacket 702,4927680.0,5.0,3,M,unisex,2026-02-18 13:40:08.607669
Crewneck 703,2949120.0,5.0,3,L,men,2026-02-18 13:40:08.608401
T-shirt 704,6214240.0,5.0,3,XL,women,2026-02-18 13:40:08.608952
Hoodie 705,3042880.0,5.0,3,XXL,unisex,2026-02-18 13:40:08.609351
Outerwear 707,7746240.0,5.0,3,M,women,2026-02-18 13:40:08.610238
Jacket 708,8541280.0,5.0,3,L,unisex,2026-02-18 13:40:08.610568
Crewneck 709,7022400.0,5.0,3,XL,men,2026-02-18 13:40:08.610894
T-shirt 710,3751520.0,5.0,3,XXL,women,2026-02-18 13:40:08.611220
Pants 712,1510400.0,5.0,3,M,men,2026-02-18 13:40:08.611861
Outerwear 713,3142880.0,5.0,3,L,women,2026-02-18 13:40:08.612185
Jacket 714,892320.0,5.0,3,XL,unisex,2026-02-18 13:40:08.612499
Crewneck 715,7021760.0,5.0,3,XXL,men,2026-02-18 13:40:08.612811
T-shirt 716,3602560.0,5.0,3,S,women,2026-02-18 13:40:08.613130
Hoodie 717,1532800.0,5.0,3,M,unisex,2026-02-18 13:40:08.613445
Pants 718,4057120.0,5.0,3,L,men,2026-02-18 13:40:08.613773
Outerwear 719,3172960.0,5.0,3,XL,women,2026-02-18 13:40:08.614094
Jacket 720,2028320.0,5.0,3,XXL,unisex,2026-02-18 13:40:08.614412
T-shirt 722,8724320.0,5.0,3,M,women,2026-02-18 13:40:09.806408
Hoodie 723,5664800.0,5.0,3,L,unisex,2026-02-18 13:40:09.806734
Pants 724,4824800.0,5.0,3,XL,men,2026-02-18 13:40:09.807062
Outerwear 725,4979200.0,5.0,3,XXL,women,2026-02-18 13:40:09.807478
Jacket 726,6345920.0,5.0,3,S,unisex,2026-02-18 13:40:09.807802
Crewneck 727,4024000.0,5.0,3,M,men,2026-02-18 13:40:09.808132
T-shirt 728,8173440.0,5.0,3,L,women,2026-02-18 13:40:09.808449
Hoodie 729,6431360.0,5.0,3,XL,unisex,2026-02-18 13:40:09.808770
Pants 730,7228800.0,5.0,3,XXL,men,2026-02-18 13:40:09.809095
Jacket 732,6597600.0,5.0,3,M,unisex,2026-02-18 13:40:09.809721
Crewneck 733,1162880.0,5.0,3,L,men,2026-02-18 13:40:09.810093
T-shirt 734,6858560.0,5.0,3,XL,women,2026-02-18 13:40:09.810614
Hoodie 735,4664320.0,5.0,3,XXL,unisex,2026-02-18 13:40:09.810945
Outerwear 737,1015680.0,5.0,3,M,women,2026-02-18 13:40:09.811703
Jacket 738,1893920.0,5.0,3,L,unisex,2026-02-18 13:40:09.812028
Crewneck 739,8072960.0,5.0,3,XL,men,2026-02-18 13:40:09.812347
T-shirt 740,7016640.0,5.0,3,XXL,women,2026-02-18 13:40:09.812666
Pants 742,5626080.0,5.0,3,M,men,2026-02-18 13:40:11.064435
Outerwear 743,5678080.0,5.0,3,L,women,2026-02-18 13:40:11.064851
Jacket 744,5175680.0,5.0,3,XL,unisex,2026-02-18 13:40:11.065256
Crewneck 745,2882560.0,5.0,3,XXL,men,2026-02-18 13:40:11.065577
T-shirt 746,1517440.0,5.0,3,S,women,2026-02-18 13:40:11.065905
Hoodie 747,6326880.0,5.0,3,M,unisex,2026-02-18 13:40:11.066235
Pants 748,3134080.0,5.0,3,L,men,2026-02-18 13:40:11.066554
Outerwear 749,2627360.0,5.0,3,XL,women,2026-02-18 13:40:11.067694
Jacket 750,1030400.0,5.0,3,XXL,unisex,2026-02-18 13:40:11.068479
T-shirt 752,7431520.0,5.0,3,M,women,2026-02-18 13:40:11.069305
Hoodie 753,8137600.0,5.0,3,L,unisex,2026-02-18 13:40:11.069626
Pants 754,7229760.0,5.0,3,XL,men,2026-02-18 13:40:11.070217
Outerwear 755,6910400.0,5.0,3,XXL,women,2026-02-18 13:40:11.070542
Jacket 756,7128000.0,5.0,3,S,unisex,2026-02-18 13:40:11.070868
Crewneck 757,7582720.0,5.0,3,M,men,2026-02-18 13:40:11.071194
T-shirt 758,6025920.0,5.0,3,L,women,2026-02-18 13:40:11.071523
Hoodie 759,2779840.0,5.0,3,XL,unisex,2026-02-18 13:40:11.071843
Pants 760,2191040.0,5.0,3,XXL,men,2026-02-18 13:40:11.072167
Jacket 762,4091840.0,5.0,3,M,unisex,2026-02-18 13:40:12.441900
Crewneck 763,5792640.0,5.0,3,L,men,2026-02-18 13:40:12.442584
T-shirt 764,7211680.0,5.0,3,XL,women,2026-02-18 13:40:12.442914
Hoodie 765,1343360.0,5.0,3,XXL,unisex,2026-02-18 13:40:12.443242
Outerwear 767,4152800.0,5.0,3,M,women,2026-02-18 13:40:12.443935
Jacket 768,5662080.0,5.0,3,L,unisex,2026-02-18 13:40:12.444251
Crewneck 769,6294560.0,5.0,3,XL,men,2026-02-18 13:40:12.444573
T-shirt 770,1655040.0,5.0,3,XXL,women,2026-02-18 13:40:12.444947
Pants 772,8748160.0,5.0,3,M,men,2026-02-18 13:40:12.445604
Outerwear 773,3393600.0,5.0,3,L,women,2026-02-18 13:40:12.445920
Jacket 774,1485760.0,5.0,3,XL,unisex,2026-02-18 13:40:12.446239
Crewneck 775,8189440.0,5.0,3,XXL,men,2026-02-18 13:40:12.446558
T-shirt 776,5333120.0,5.0,3,S,women,2026-02-18 13:40:12.446884
Hoodie 777,6104800.0,5.0,3,M,unisex,2026-02-18 13:40:12.447205
Pants 778,6034720.0,5.0,3,L,men,2026-02-18 13:40:12.447639
Outerwear 779,5816480.0,5.0,3,XL,women,2026-02-18 13:40:12.447962
Jacket 780,2767520.0,5.0,3,XXL,unisex,2026-02-18 13:40:12.448309
T-shirt 782,4117440.0,5.0,3,M,women,2026-02-18 13:40:13.641857
Hoodie 783,2510720.0,5.0,3,L,unisex,2026-02-18 13:40:13.642195
Pants 784,5341280.0,5.0,3,XL,men,2026-02-18 13:40:13.642526
Outerwear 785,6444480.0,5.0,3,XXL,women,2026-02-18 13:40:13.642846
Jacket 786,6749280.0,5.0,3,S,unisex,2026-02-18 13:40:13.643177
Crewneck 787,4593600.0,5.0,3,M,men,2026-02-18 13:40:13.643500
T-shirt 788,3041120.0,5.0,3,L,women,2026-02-18 13:40:13.643816
Hoodie 789,2153280.0,5.0,3,XL,unisex,2026-02-18 13:40:13.644140
Pants 790,1708320.0,5.0,3,XXL,men,2026-02-18 13:40:13.644468
Jacket 792,4068960.0,5.0,3,M,unisex,2026-02-18 13:40:13.645105
Crewneck 793,8650080.0,5.0,3,L,men,2026-02-18 13:40:13.645432
T-shirt 794,5983040.0,5.0,3,XL,women,2026-02-18 13:40:13.645776
Hoodie 795,4209600.0,5.0,3,XXL,unisex,2026-02-18 13:40:13.646091
Outerwear 797,2771360.0,5.0,3,M,women,2026-02-18 13:40:13.647159
Jacket 798,4391040.0,5.0,3,L,unisex,2026-02-18 13:40:13.647506
Crewneck 799,4048800.0,5.0,3,XL,men,2026-02-18 13:40:13.647902
T-shirt 800,7433280.0,5.0,3,XXL,women,2026-02-18 13:40:13.648295
Pants 802,5710240.0,5.0,3,M,men,2026-02-18 13:40:14.785067
Outerwear 803,1875360.0,5.0,3,L,women,2026-02-18 13:40:14.785736
Jacket 804,4459040.0,5.0,3,XL,unisex,2026-02-18 13:40:14.786254
Crewneck 805,3266720.0,5.0,3,XXL,men,2026-02-18 13:40:14.786612
T-shirt 806,7310560.0,5.0,3,S,women,2026-02-18 13:40:14.786960
Hoodie 807,5016000.0,5.0,3,M,unisex,2026-02-18 13:40:14.787284
Pants 808,8717760.0,5.0,3,L,men,2026-02-18 13:40:14.787619
Outerwear 809,7162560.0,5.0,3,XL,women,2026-02-18 13:40:14.787942
Jacket 810,3796640.0,5.0,3,XXL,unisex,2026-02-18 13:40:14.788258
T-shirt 812,6406080.0,5.0,3,M,women,2026-02-18 13:40:14.788901
Hoodie 813,4872800.0,5.0,3,L,unisex,2026-02-18 13:40:14.789221
Pants 814,1110080.0,5.0,3,XL,men,2026-02-18 13:40:14.789549
Outerwear 815,5985440.0,5.0,3,XXL,women,2026-02-18 13:40:14.789864
Jacket 816,1649120.0,5.0,3,S,unisex,2026-02-18 13:40:14.790182
Crewneck 817,8744160.0,5.0,3,M,men,2026-02-18 13:40:14.790505
T-shirt 818,5160320.0,5.0,3,L,women,2026-02-18 13:40:14.790825
Hoodie 819,4742400.0,5.0,3,XL,unisex,2026-02-18 13:40:14.791140
Pants 820,6030720.0,5.0,3,XXL,men,2026-02-18 13:40:14.791461
Jacket 822,838240.0,5.0,3,M,unisex,2026-02-18 13:40:15.973271
Crewneck 823,6103520.0,5.0,3,L,men,2026-02-18 13:40:15.973622
T-shirt 824,3301440.0,5.0,3,XL,women,2026-02-18 13:40:15.973957
Hoodie 825,1058400.0,5.0,3,XXL,unisex,2026-02-18 13:40:15.974287
Outerwear 827,7091040.0,5.0,3,M,women,2026-02-18 13:40:15.974980
Jacket 828,2324000.0,5.0,3,L,unisex,2026-02-18 13:40:15.975299
Crewneck 829,4630400.0,5.0,3,XL,men,2026-02-18 13:40:15.975703
T-shirt 830,4496480.0,5.0,3,XXL,women,2026-02-18 13:40:15.976409
Pants 832,3955360.0,5.0,3,M,men,2026-02-18 13:40:15.977521
Outerwear 833,7101280.0,5.0,3,L,women,2026-02-18 13:40:15.978024
Jacket 834,7223680.0,5.0,3,XL,unisex,2026-02-18 13:40:15.978463
Crewneck 835,7143360.0,5.0,3,XXL,men,2026-02-18 13:40:15.978784
T-shirt 836,6065440.0,5.0,3,S,women,2026-02-18 13:40:15.979111
Hoodie 837,5532640.0,5.0,3,M,unisex,2026-02-18 13:40:15.979481
Pants 838,2848800.0,5.0,3,L,men,2026-02-18 13:40:15.979812
Outerwear 839,4208320.0,5.0,3,XL,women,2026-02-18 13:40:15.980130
Jacket 840,8164640.0,5.0,3,XXL,unisex,2026-02-18 13:40:15.980459
T-shirt 842,2859040.0,5.0,3,M,women,2026-02-18 13:40:17.265188
Hoodie 843,2997120.0,5.0,3,L,unisex,2026-02-18 13:40:17.266083
Pants 844,7422880.0,5.0,3,XL,men,2026-02-18 13:40:17.266877
Outerwear 845,2023200.0,5.0,3,XXL,women,2026-02-18 13:40:17.267221
Jacket 846,7480480.0,5.0,3,S,unisex,2026-02-18 13:40:17.267590
Crewneck 847,4789920.0,5.0,3,M,men,2026-02-18 13:40:17.268031
T-shirt 848,6134240.0,5.0,3,L,women,2026-02-18 13:40:17.268354
Hoodie 849,7816160.0,5.0,3,XL,unisex,2026-02-18 13:40:17.268738
Pants 850,4144160.0,5.0,3,XXL,men,2026-02-18 13:40:17.269063
Jacket 852,2777280.0,5.0,3,M,unisex,2026-02-18 13:40:17.270799
Crewneck 853,2643840.0,5.0,3,L,men,2026-02-18 13:40:17.271995
T-shirt 854,1600000.0,5.0,3,XL,women,2026-02-18 13:40:17.273025
Hoodie 855,3249760.0,5.0,3,XXL,unisex,2026-02-18 13:40:17.274070
Outerwear 857,4532800.0,5.0,3,M,women,2026-02-18 13:40:17.276049
Jacket 858,3748640.0,5.0,3,L,unisex,2026-02-18 13:40:17.276908
Crewneck 859,6418560.0,5.0,3,XL,men,2026-02-18 13:40:17.277498
T-shirt 860,2419360.0,5.0,3,XXL,women,2026-02-18 13:40:17.278255
Pants 862,4131360.0,5.0,3,M,men,2026-02-18 13:40:18.687840
Outerwear 863,1071360.0,5.0,3,L,women,2026-02-18 13:40:18.688166
Jacket 864,2168000.0,5.0,3,XL,unisex,2026-02-18 13:40:18.688489
Crewneck 865,6805120.0,5.0,3,XXL,men,2026-02-18 13:40:18.688823
T-shirt 866,2399040.0,5.0,3,S,women,2026-02-18 13:40:18.689138
Hoodie 867,1303840.0,5.0,3,M,unisex,2026-02-18 13:40:18.689453
Pants 868,7473760.0,5.0,3,L,men,2026-02-18 13:40:18.689778
Outerwear 869,6040320.0,5.0,3,XL,women,2026-02-18 13:40:18.690101
Jacket 870,6395040.0,5.0,3,XXL,unisex,2026-02-18 13:40:18.690418
T-shirt 872,1343680.0,5.0,3,M,women,2026-02-18 13:40:18.691057
Hoodie 873,8321600.0,5.0,3,L,unisex,2026-02-18 13:40:18.691370
Pants 874,2755200.0,5.0,3,XL,men,2026-02-18 13:40:18.691688
Outerwear 875,2506720.0,5.0,3,XXL,women,2026-02-18 13:40:18.692215
Jacket 876,3225760.0,5.0,3,S,unisex,2026-02-18 13:40:18.692544
Crewneck 877,4552640.0,5.0,3,M,men,2026-02-18 13:40:18.692863
T-shirt 878,4809760.0,5.0,3,L,women,2026-02-18 13:40:18.693187
Hoodie 879,1026880.0,5.0,3,XL,unisex,2026-02-18 13:40:18.693505
Pants 880,6497760.0,5.0,3,XXL,men,2026-02-18 13:40:18.693828
Jacket 882,6420960.0,5.0,3,M,unisex,2026-02-18 13:40:19.967381
Crewneck 883,5901120.0,5.0,3,L,men,2026-02-18 13:40:19.968090
T-shirt 884,7414720.0,5.0,3,XL,women,2026-02-18 13:40:19.968521
Hoodie 885,4760640.0,5.0,3,XXL,unisex,2026-02-18 13:40:19.969026
Outerwear 887,7806400.0,5.0,3,M,women,2026-02-18 13:40:19.969778
Jacket 888,7869280.0,5.0,3,L,unisex,2026-02-18 13:40:19.970186
Crewneck 889,6333920.0,5.0,3,XL,men,2026-02-18 13:40:19.970650
T-shirt 890,6439040.0,5.0,3,XXL,women,2026-02-18 13:40:19.970999
Pants 892,8515360.0,5.0,3,M,men,2026-02-18 13:40:19.971729
Outerwear 893,2673600.0,5.0,3,L,women,2026-02-18 13:40:19.972064
Jacket 894,2946560.0,5.0,3,XL,unisex,2026-02-18 13:40:19.972382
Crewneck 895,1126720.0,5.0,3,XXL,men,2026-02-18 13:40:19.972771
T-shirt 896,7873760.0,5.0,3,S,women,2026-02-18 13:40:19.973265
Hoodie 897,6077920.0,5.0,3,M,unisex,2026-02-18 13:40:19.973616
Pants 898,8408640.0,5.0,3,L,men,2026-02-18 13:40:19.973947
Outerwear 899,6192960.0,5.0,3,XL,women,2026-02-18 13:40:19.974298
Jacket 900,7214240.0,5.0,3,XXL,unisex,2026-02-18 13:40:19.974703
T-shirt 902,3164000.0,5.0,3,M,women,2026-02-18 13:40:21.194462
Hoodie 903,2617920.0,5.0,3,L,unisex,2026-02-18 13:40:21.194790
Pants 904,3356320.0,5.0,3,XL,men,2026-02-18 13:40:21.195117
Outerwear 905,5027840.0,5.0,3,XXL,women,2026-02-18 13:40:21.195444
Jacket 906,4301760.0,5.0,3,S,unisex,2026-02-18 13:40:21.195765
Crewneck 907,8732640.0,5.0,3,M,men,2026-02-18 13:40:21.196082
T-shirt 908,7954880.0,5.0,3,L,women,2026-02-18 13:40:21.196401
Hoodie 909,8383840.0,5.0,3,XL,unisex,2026-02-18 13:40:21.196726
Pants 910,2395200.0,5.0,3,XXL,men,2026-02-18 13:40:21.197041
Jacket 912,7853280.0,5.0,3,M,unisex,2026-02-18 13:40:21.197710
Crewneck 913,3222240.0,5.0,3,L,men,2026-02-18 13:40:21.198402
T-shirt 914,5799200.0,5.0,3,XL,women,2026-02-18 13:40:21.198837
Hoodie 915,2649120.0,5.0,3,XXL,unisex,2026-02-18 13:40:21.199160
Outerwear 917,6061600.0,5.0,3,M,women,2026-02-18 13:40:21.200409
Jacket 918,5380800.0,5.0,3,L,unisex,2026-02-18 13:40:21.201120
Crewneck 919,8364000.0,5.0,3,XL,men,2026-02-18 13:40:21.201832
T-shirt 920,3706080.0,5.0,3,XXL,women,2026-02-18 13:40:21.202374
Pants 922,1210880.0,5.0,3,M,men,2026-02-18 13:40:22.500023
Outerwear 923,2435840.0,5.0,3,L,women,2026-02-18 13:40:22.500376
Jacket 924,3764320.0,5.0,3,XL,unisex,2026-02-18 13:40:22.500705
Crewneck 925,7900800.0,5.0,3,XXL,men,2026-02-18 13:40:22.501026
T-shirt 926,1911040.0,5.0,3,S,women,2026-02-18 13:40:22.501347
Hoodie 927,7706400.0,5.0,3,M,unisex,2026-02-18 13:40:22.501667
Pants 928,3911680.0,5.0,3,L,men,2026-02-18 13:40:22.501985
Outerwear 929,1253440.0,5.0,3,XL,women,2026-02-18 13:40:22.502311
Jacket 930,1741120.0,5.0,3,XXL,unisex,2026-02-18 13:40:22.502631
T-shirt 932,5937600.0,5.0,3,M,women,2026-02-18 13:40:22.503268
Hoodie 933,4960800.0,5.0,3,L,unisex,2026-02-18 13:40:22.503585
Pants 934,2248160.0,5.0,3,XL,men,2026-02-18 13:40:22.503897
Outerwear 935,6048000.0,5.0,3,XXL,women,2026-02-18 13:40:22.504215
Jacket 936,6165440.0,5.0,3,S,unisex,2026-02-18 13:40:22.504533
Crewneck 937,2475360.0,5.0,3,M,men,2026-02-18 13:40:22.504855
T-shirt 938,4058400.0,5.0,3,L,women,2026-02-18 13:40:22.505181
Hoodie 939,4466080.0,5.0,3,XL,unisex,2026-02-18 13:40:22.505496
Pants 940,5776000.0,5.0,3,XXL,men,2026-02-18 13:40:22.505819
Jacket 942,7972960.0,5.0,3,M,unisex,2026-02-18 13:40:23.711358
Crewneck 943,4571040.0,5.0,3,L,men,2026-02-18 13:40:23.711687
T-shirt 944,1578240.0,5.0,3,XL,women,2026-02-18 13:40:23.712016
Hoodie 945,2107680.0,5.0,3,XXL,unisex,2026-02-18 13:40:23.712334
Outerwear 947,7079680.0,5.0,3,M,women,2026-02-18 13:40:23.713019
Jacket 948,4600480.0,5.0,3,L,unisex,2026-02-18 13:40:23.713337
Crewneck 949,1844320.0,5.0,3,XL,men,2026-02-18 13:40:23.713666
T-shirt 950,7691680.0,5.0,3,XXL,women,2026-02-18 13:40:23.713986
Pants 952,7155040.0,5.0,3,M,men,2026-02-18 13:40:23.714623
Outerwear 953,8423200.0,5.0,3,L,women,2026-02-18 13:40:23.714943
Jacket 954,3878720.0,5.0,3,XL,unisex,2026-02-18 13:40:23.715261
Crewneck 955,7006560.0,5.0,3,XXL,men,2026-02-18 13:40:23.715586
T-shirt 956,4457600.0,5.0,3,S,women,2026-02-18 13:40:23.715907
Hoodie 957,4024320.0,5.0,3,M,unisex,2026-02-18 13:40:23.716742
Pants 958,3946240.0,5.0,3,L,men,2026-02-18 13:40:23.717746
Outerwear 959,6828480.0,5.0,3,XL,women,2026-02-18 13:40:23.718435
Jacket 960,5840160.0,5.0,3,XXL,unisex,2026-02-18 13:40:23.718797
T-shirt 962,2887840.0,5.0,3,M,women,2026-02-18 13:40:25.006591
Hoodie 963,7916160.0,5.0,3,L,unisex,2026-02-18 13:40:25.006941
Pants 964,3885280.0,5.0,3,XL,men,2026-02-18 13:40:25.007406
Outerwear 965,3107200.0,5.0,3,XXL,women,2026-02-18 13:40:25.007790
Jacket 966,8499520.0,5.0,3,S,unisex,2026-02-18 13:40:25.008118
Crewneck 967,1744000.0,5.0,3,M,men,2026-02-18 13:40:25.008559
T-shirt 968,4045120.0,5.0,3,L,women,2026-02-18 13:40:25.009068
Hoodie 969,4231840.0,5.0,3,XL,unisex,2026-02-18 13:40:25.009432
Pants 970,952960.0,5.0,3,XXL,men,2026-02-18 13:40:25.009802
Jacket 972,7272000.0,5.0,3,M,unisex,2026-02-18 13:40:25.010454
Crewneck 973,7134400.0,5.0,3,L,men,2026-02-18 13:40:25.010769
T-shirt 974,4769280.0,5.0,3,XL,women,2026-02-18 13:40:25.011083
Hoodie 975,4816000.0,5.0,3,XXL,unisex,2026-02-18 13:40:25.011411
Outerwear 977,3356000.0,5.0,3,M,women,2026-02-18 13:40:25.012092
Jacket 978,3918240.0,5.0,3,L,unisex,2026-02-18 13:40:25.012422
Crewneck 979,4848480.0,5.0,3,XL,men,2026-02-18 13:40:25.012740
T-shirt 980,6544000.0,5.0,3,XXL,women,2026-02-18 13:40:25.013059
Pants 982,7281760.0,5.0,3,M,men,2026-02-18 13:40:26.391106
Outerwear 983,5762560.0,5.0,3,L,women,2026-02-18 13:40:26.391490
Jacket 984,7349440.0,5.0,3,XL,unisex,2026-02-18 13:40:26.391867
Crewneck 985,6236000.0,5.0,3,XXL,men,2026-02-18 13:40:26.392197
T-shirt 986,6713760.0,5.0,3,S,women,2026-02-18 13:40:26.392565
Hoodie 987,4008000.0,5.0,3,M,unisex,2026-02-18 13:40:26.392998
Pants 988,2054240.0,5.0,3,L,men,2026-02-18 13:40:26.393530
Outerwear 989,6869440.0,5.0,3,XL,women,2026-02-18 13:40:26.394180
Jacket 990,3327360.0,5.0,3,XXL,unisex,2026-02-18 13:40:26.394715
T-shirt 992,4840480.0,5.0,3,M,women,2026-02-18 13:40:26.395575
Hoodie 993,6361920.0,5.0,3,L,unisex,2026-02-18 13:40:26.396110
Pants 994,1693760.0,5.0,3,XL,men,2026-02-18 13:40:26.396471
Outerwear 995,8046720.0,5.0,3,XXL,women,2026-02-18 13:40:26.397271
Jacket 996,6942400.0,5.0,3,S,unisex,2026-02-18 13:40:26.398838
Crewneck 997,5321280.0,5.0,3,M,men,2026-02-18 13:40:26.404527
T-shirt 998,908000.0,5.0,3,L,women,2026-02-18 13:40:26.405607
Hoodie 999,8534240.0,5.0,3,XL,unisex,2026-02-18 13:40:26.406198
Pants 1000,2938240.0,5.0,3,XXL,men,2026-02-18 13:40:26.406885
